,ID,latitude,longitude,location,timestamp,magnitude,depth
5054,knmi1989zomn,51.61083,7.706666,Kamen (Duitsland),1989-12-30 17:37:40,2.1,1.0
5055,knmi1989ygvt,51.60383,7.708333,Kamen (Duitsland),1989-12-12 07:39:23,1.8,1.1
5056,knmi1989xrpn,51.57417,7.688334,Kamen (Duitsland),1989-12-03 23:29:09,1.9,1.0
5057,knmi1989xntx,52.5293,4.9705,Kwadijk,1989-12-01 21:09:16,2.7,1.2
5058,knmi1989wygi,51.5965,7.628334,Bergkamen (Duitsland),1989-11-23 09:15:22,2.1,1.0
5059,knmi1989wqhk,51.60517,7.591667,Bergkamen (Duitsland),1989-11-19 00:42:36,2.0,1.0
5060,knmi1989uzzi,51.50667,6.401667,Issum (Duitsland),1989-10-26 21:54:12,2.2,1.0
5061,knmi1989uzwi,51.66417,7.618333,Werne (Duitsland),1989-10-26 20:24:07,2.4,1.0
5062,knmi1989umuh,51.60733,6.893333,Bottrop (Duitsland),1989-10-19 16:36:15,2.2,1.0
5063,knmi1989tima,51.548,7.141667,Herne (Duitsland),1989-10-03 02:20:38,1.8,1.0
5064,knmi1989tbgt,51.61283,7.67,Bergkamen (Duitsland),1989-09-29 03:43:09,2.4,1.0
5065,knmi1989rmcp,51.61167,7.898334,Hamm (Duitsland),1989-09-06 15:02:38,2.0,1.0
5066,knmi1989rcwy,50.4235,6.12,Weismes (België),1989-09-01 13:58:20,1.9,3.6
5067,knmi1989pfxd,51.33833,6.33,Grefrath (Duitsland),1989-08-05 18:24:56,2.0,13.3
5068,knmi1989pcwt,51.6235,7.601666,Bergkamen (Duitsland),1989-08-04 02:47:42,2.7,1.0
5069,knmi1989ombf,51.613,7.878334,Hamm (Duitsland),1989-07-25 21:45:16,2.0,1.0
5070,knmi1989mtgd,50.70367,7.971667,Friedewald (Duitsland),1989-07-01 09:06:22,2.2,11.5
5071,knmi1989luva,50.3725,7.358333,Plaidt (Duitsland),1989-06-18 00:13:37,2.5,11.2
5072,knmi1989lsmj,50.86617,6.206666,Alsdorf (Duitsland),1989-06-16 17:35:29,2.1,10.3
5073,knmi1989krbp,51.6185,7.723333,Bönen (Duitsland),1989-06-01 17:28:40,1.9,1.0
5074,knmi1989jtgj,50.67467,5.556667,Luik (België),1989-05-19 16:37:21,2.1,28.0
5075,knmi1989jnwv,51.51917,6.456666,Kamp-Lintfort (Duitsland),1989-05-16 18:07:37,2.4,1.0
5076,knmi1989inwy,50.8895,6.753334,Frechen (Duitsland),1989-05-02 12:39:12,2.0,2.0
5077,knmi1989huaf,51.56333,7.53,Dortmund (Duitsland),1989-04-21 15:34:49,2.1,1.0
5078,knmi1989hbvl,50.45083,6.116667,Weismes (België),1989-04-11 16:43:06,2.0,17.3
5079,knmi1989gwmq,51.50083,7.291667,Bochum (Duitsland),1989-04-08 18:34:58,1.8,1.0
5080,knmi1989felu,49.832,8.001667,Gau-Bickelheim (Duitsland),1989-03-15 15:10:27,2.7,5.1
5081,knmi1989erfx,50.9265,6.463333,Niederzier (Duitsland),1989-03-08 09:26:07,2.1,2.2
5082,knmi1989ejrn,51.6895,7.69,Werne (Duitsland),1989-03-04 06:13:32,2.1,1.0
5083,knmi1989dcaj,51.5875,7.725,Kamen (Duitsland),1989-02-13 20:03:17,2.2,1.0
5084,knmi1989bulr,51.03,5.996666,Gangelt (Duitsland),1989-01-26 11:09:00,2.825562954,10.9
5085,knmi1989bblb,50.928,6.143333,Übach-Palenberg (Duitsland),1989-01-16 01:15:16,2.1,2.1
5086,knmi1989aona,50.6645,7.948333,Lautzenbrücken (Duitsland),1989-01-08 23:28:39,2.2,10.5
5087,knmi1989ajjt,51.7535,8.048333,Beckum (Duitsland),1989-01-06 04:09:19,2.5,1.0
5088,knmi1988zorp,50.94467,6.618333,Bergheim (Duitsland),1988-12-29 20:11:21,2.2,1.0
5089,knmi1988zkmd,50.5325,5.658333,Sprimont (België),1988-12-27 12:53:12,3.5,16.0
5090,knmi1988yhho,50.686,7.171667,Bonn (Duitsland),1988-12-11 13:38:06,2.1,12.6
5091,knmi1988xsqg,51.776,7.745,Drensteinfurt (Duitsland),1988-12-03 12:58:33,2.2,1.0
5092,knmi1988xlyy,51.596,6.505,Alpen (Duitsland),1988-11-29 21:25:44,2.2,1.0
5093,knmi1988xjgf,50.67533,7.106667,Bonn (Duitsland),1988-11-28 09:41:13,2.1,2.7
5094,knmi1988uliv,50.81283,5.921667,Wittem,1988-10-17 21:39:54,3.5,22.5
5095,knmi1988tiyr,51.64767,7.165,Marl (Duitsland),1988-10-02 08:44:10,2.2,1.0
5096,knmi1988sbdj,50.93517,6.463333,Niederzier (Duitsland),1988-09-13 20:29:20,2.1,6.7
5097,knmi1988qfgd,50.39067,7.371666,Kretz (Duitsland),1988-08-18 15:21:37,2.3,9.6
5098,knmi1988pssm,50.41917,6.066667,Malmedy (België),1988-08-11 18:49:24,3.1,3.1
5099,knmi1988pdrv,51.49683,6.675,Duisburg (Duitsland),1988-08-03 13:27:39,1.9,1.0
5100,knmi1988ogfi,51.81417,7.908333,Ahlen (Duitsland),1988-07-21 17:00:54,2.9,1.0
5101,knmi1988nipn,51.5545,6.6,Rheinberg (Duitsland),1988-07-08 18:53:48,2.0,1.0
5102,knmi1988mroq,50.35817,7.375,Ochtendung (Duitsland),1988-06-29 11:07:56,2.1,12.0
5103,knmi1988mrnj,50.35983,7.375,Ochtendung (Duitsland),1988-06-29 10:29:21,2.1,12.7
5104,knmi1988lxoy,51.5725,7.198333,Recklinghausen (Duitsland),1988-06-18 12:33:54,2.3,1.0
5105,knmi1988lrnn,51.384,4.26,Rilland,1988-06-15 05:02:43,2.1,3.1
5106,knmi1988lebx,51.655,7.588333,Werne (Duitsland),1988-06-07 20:24:08,2.2,1.0
5107,knmi1988lcct,51.58533,6.416667,Sonsbeck (Duitsland),1988-06-06 18:32:46,2.3,1.0
5108,knmi1988kszh,50.429,5.923333,Stoumont (België),1988-06-01 18:34:34,2.6,6.6
5109,knmi1988ikoz,51.66617,7.098333,Marl (Duitsland),1988-04-29 17:12:57,2.2,1.0
5110,knmi1988hkrg,54.11083,6.331666,Noordzee,1988-04-15 12:49:35,3.7,10.0
5111,knmi1988gjca,50.999,6.643333,Bedburg (Duitsland),1988-03-31 10:27:13,2.0,1.0
5112,knmi1988frzb,51.673,7.918334,Hamm (Duitsland),1988-03-22 00:39:03,2.3,1.0
5113,knmi1988fepb,50.34933,7.32,Thür (Duitsland),1988-03-14 16:49:52,2.7,10.0
5114,knmi1988drpk,51.12366,6.35,Wegberg (Duitsland),1988-02-22 08:41:33,2.7,14.8
5115,knmi1988droz,51.14734,6.32,Mönchengladbach (Duitsland),1988-02-22 08:29:23,2.1,14.6
5116,knmi1988ddri,50.69083,5.648334,Oupeye (België),1988-02-14 17:46:05,2.0,9.9
5117,knmi1988bxee,51.51733,6.653333,Rheinberg (Duitsland),1988-01-27 22:46:26,2.3,1.0
5118,knmi1988bjca,51.56933,7.206666,Recklinghausen (Duitsland),1988-01-20 05:47:12,2.1,1.0
5119,knmi1988ayoi,51.74667,7.82,Ahlen (Duitsland),1988-01-14 11:29:43,2.8,1.0
5120,knmi1988aolm,50.97483,6.648334,Bergheim (Duitsland),1988-01-08 22:42:04,1.9,1.0
5121,knmi1987yqka,50.13733,6.083333,Weiswampach (Luxemburg),1987-12-17 13:05:28,2.1,10.0
5122,knmi1987ylou,52.9283,6.5517,Hooghalen,1987-12-14 21:49:48,2.5,1.5
5123,knmi1987ybtg,50.26967,7.405,Kalt (Duitsland),1987-12-09 12:43:44,1.5,0.9
5124,knmi1987xvxb,50.37667,7.34,Kruft (Duitsland),1987-12-06 07:49:59,1.9,3.1
5125,knmi1987wtbb,50.673,7.961667,Lautzenbrücken (Duitsland),1987-11-20 12:53:52,2.0,15.1
5126,knmi1987vfrg,51.90767,7.461667,Senden (Duitsland),1987-10-29 23:38:27,2.3,1.0
5127,knmi1987uajq,50.741,6.745,Erftstadt (Duitsland),1987-10-12 21:35:33,1.9,3.0
5128,knmi1987tgox,51.08783,5.91,Echt,1987-10-02 01:31:56,2.1,7.8
5129,knmi1987smfq,50.97417,5.538333,Genk (België),1987-09-20 22:07:49,1.5,6.1
5130,knmi1987mehv,51.5895,6.941667,Bottrop (Duitsland),1987-06-23 04:55:42,3.2,1.0
5131,knmi1987lkxa,49.60783,8.04,Marnheim (Duitsland),1987-06-12 13:52:56,3.0,13.1
5132,knmi1987liwa,51.4985,6.521667,Kamp-Lintfort (Duitsland),1987-06-11 11:06:47,2.5,1.0
5133,knmi1987jlyo,50.427,6.138333,Weismes (België),1987-05-15 16:43:04,2.2,10.0
5134,knmi1987jdcj,51.76783,7.7,Ascheberg (Duitsland),1987-05-10 20:25:40,2.4,1.0
5135,knmi1987ijno,51.662,7.696667,Hamm (Duitsland),1987-04-30 03:21:19,2.3,1.0
5136,knmi1987hjnx,51.48283,6.495,Kamp-Lintfort (Duitsland),1987-04-15 22:00:03,1.8,1.0
5137,knmi1987gpwg,51.52117,7.783333,Fröndenberg (Duitsland),1987-04-05 03:29:13,2.2,1.0
5138,knmi1987gnab,50.17467,6.601666,Birresborn (Duitsland),1987-04-03 14:00:15,2.2,2.1
5139,knmi1987giyp,50.3975,3.846667,Colfontaine (België),1987-04-01 08:43:52,3.1,2.1
5140,knmi1987gdjq,51.63367,7.276667,Oer-Erkenschwick (Duitsland),1987-03-29 07:30:00,2.1,1.0
5141,knmi1987fxgm,51.63467,8.141666,Lippetal (Duitsland),1987-03-25 22:04:32,2.5,1.0
5142,knmi1987frtz,50.41667,3.876667,Frameries (België),1987-03-22 22:05:36,2.5,3.7
5143,knmi1987fpma,50.3755,3.935,Quévy (België),1987-03-21 15:47:26,2.6,4.4
5144,knmi1987evrq,51.48533,6.498333,Kamp-Lintfort (Duitsland),1987-03-10 19:54:43,2.3,1.0
5145,knmi1987duqp,51.76317,8.03,Beckum (Duitsland),1987-02-24 00:42:13,2.4,1.0
5146,knmi1987dqij,50.2995,3.866667,La Longueville (Frankrijk),1987-02-21 16:00:49,2.5,4.4
5147,knmi1986zgna,52.9917,6.5483,Assen,1986-12-26 08:47:51,2.8,1.0
5148,knmi1986xzwa,49.44933,5.99,Ottange (Frankrijk),1986-12-08 11:50:44,2.2,5.0
5149,knmi1986xnbx,50.60467,5.296667,Verlaine (België),1986-12-01 12:03:24,2.0,0.1
5150,knmi1986vbwi,50.39233,7.385,Plaidt (Duitsland),1986-10-27 21:40:06,2.0,3.4
5151,knmi1986vbun,50.98333,5.495,Genk (België),1986-10-27 20:45:19,2.4,2.2
5152,knmi1986tgqu,51.42617,6.615,Moers (Duitsland),1986-10-02 02:28:35,2.0,1.7
5153,knmi1986surm,51.66983,7.831666,Hamm (Duitsland),1986-09-25 13:11:37,2.9,1.0
5154,knmi1986rnqx,53.91767,3.131667,Noordzee,1986-09-07 11:24:49,3.2,27.9
5155,knmi1986rgsn,50.42683,6.145,Weismes (België),1986-09-03 16:16:45,1.8,7.3
5156,knmi1986rfua,50.13467,6.276667,Üttfeld (Duitsland),1986-09-03 03:54:25,2.4,3.5
5157,knmi1986knyq,51.7615,7.765,Drensteinfurt (Duitsland),1986-05-31 00:34:20,2.7,1.0
5158,knmi1986kfwd,50.614,5.525,Seraing (België),1986-05-26 14:13:52,1.5,5.3
5159,knmi1986iwkd,51.578,7.18,Recklinghausen (Duitsland),1986-05-07 04:23:56,1.7,1.0
5160,knmi1986hnph,51.4865,6.838333,Oberhausen (Duitsland),1986-04-18 03:14:25,1.9,1.0
5161,knmi1986hnbw,51.55917,6.938334,Gladbeck (Duitsland),1986-04-17 20:27:24,1.4,1.0
5162,knmi1986hhdo,50.93833,6.655,Bergheim (Duitsland),1986-04-14 14:30:28,2.4,1.0
5163,knmi1986gyei,49.53717,7.925,Sippersfeld (Duitsland),1986-04-09 16:40:14,2.9,3.1
5164,knmi1986gppt,51.69267,7.333333,Datteln (Duitsland),1986-04-05 00:12:47,1.6,1.0
5165,knmi1986gpne,51.643,7.908333,Hamm (Duitsland),1986-04-04 22:54:16,2.6,1.0
5166,knmi1986fqhu,51.63783,6.833333,Hünxe (Duitsland),1986-03-22 02:47:47,1.9,1.0
5167,knmi1986euya,51.4865,6.703333,Duisburg (Duitsland),1986-03-10 09:59:56,2.1,0.1
5168,knmi1986efmh,51.6145,7.158333,Herten (Duitsland),1986-03-01 23:01:58,2.2,1.0
5169,knmi1986eduk,51.565,7.206666,Recklinghausen (Duitsland),1986-03-01 00:51:11,2.3,1.0
5170,knmi1986cvck,51.85533,7.681667,Drensteinfurt (Duitsland),1986-02-10 01:08:44,2.0,1.0
5171,knmi1986ajou,50.88267,5.928333,Voerendaal,1986-01-06 06:42:15,2.4,2.3
5172,knmi1985zjor,51.64367,6.268333,Kevelaer (Duitsland),1985-12-28 01:01:50,2.0,1.0
5173,knmi1985ynzo,50.37867,7.415,Saffig (Duitsland),1985-12-16 05:32:21,2.1,10.0
5174,knmi1985ynxb,51.7265,7.641667,Ascheberg (Duitsland),1985-12-16 04:17:05,2.6,1.0
5175,knmi1985ybru,50.90733,5.968333,Heerlen,1985-12-09 11:59:24,1.5,3.6
5176,knmi1985ybrs,50.88317,5.931667,Voerendaal,1985-12-09 11:56:48,2.2,8.1
5177,knmi1985xyzd,50.88433,5.938334,Voerendaal,1985-12-08 00:17:19,1.4,5.1
5178,knmi1985xyyw,50.87883,5.941667,Voerendaal,1985-12-08 00:09:25,3.0,5.0
5179,knmi1985xyye,50.88417,5.933333,Voerendaal,1985-12-07 23:47:21,2.3,5.6
5180,knmi1985xyyd,50.88083,5.946667,Voerendaal,1985-12-07 23:47:02,2.7,5.0
5181,knmi1985xyvr,50.88467,5.931667,Voerendaal,1985-12-07 22:32:17,1.5,5.4
5182,knmi1985xyvn,50.88483,5.933333,Voerendaal,1985-12-07 22:27:09,1.6,5.6
5183,knmi1985xuti,51.07883,5.725,Maaseik (België),1985-12-05 16:48:44,1.7,10.2
5184,knmi1985vvnw,50.3045,5.598333,Érezée (België),1985-11-07 16:07:24,1.415176868,10.0
5185,knmi1985tpun,51.54833,6.855,Oberhausen (Duitsland),1985-10-07 02:35:29,1.5,1.0
5186,knmi1985tiok,51.31816,6.566667,Krefeld (Duitsland),1985-10-03 03:32:55,2.0,1.0
5187,knmi1985sefj,50.12583,5.483333,Tenneville (België),1985-09-16 12:54:29,2.2,2.0
5188,knmi1985qnvj,50.266,8.003333,Allendorf (Duitsland),1985-08-24 08:08:40,3.8,13.4
5189,knmi1985qcak,50.9055,6.155,Baesweiler (Duitsland),1985-08-17 21:02:31,2.4,2.1
5190,knmi1985nunp,50.82217,5.531667,Bilzen (België),1985-07-16 07:33:50,3.3,3.4
5191,knmi1985nnzj,49.998,7.401667,Reckershausen (Duitsland),1985-07-12 17:33:09,3.1,14.4
5192,knmi1985knaa,50.175,5.41,Marche-en-Famenne (België),1985-05-30 12:08:33,2.7,15.0
5193,knmi1985jhab,50.4475,6.106667,Weismes (België),1985-05-12 23:47:51,2.7,4.2
5194,knmi1985ituw,51.70117,7.683333,Werne (Duitsland),1985-05-05 18:24:26,2.8,1.0
5195,knmi1985azxq,50.38667,7.346667,Kruft (Duitsland),1985-01-15 05:20:58,2.0,10.6
5196,knmi1984wogx,49.52917,7.148334,Namborn (Duitsland),1984-11-16 22:10:41,2.7,3.9
5197,knmi1984sguj,50.982,6.643333,Bergheim (Duitsland),1984-09-16 22:45:05,2.1,1.0
5198,knmi1984rsxg,51.66667,7.771667,Hamm (Duitsland),1984-09-09 08:17:44,3.1,1.0
5199,knmi1984raiy,50.10767,8.291667,Wiesbaden (Duitsland),1984-08-30 04:38:10,2.2,10.1
5200,knmi1984qjnf,50.8715,6.881667,Hürth (Duitsland),1984-08-20 23:28:37,2.0,14.7
5201,knmi1984nyoq,49.90717,5.215,Bertrix (België),1984-07-17 12:37:26,2.5,3.7
5202,knmi1984nkxt,50.816,5.406667,Kortessem (België),1984-07-10 01:19:01,3.6,3.0
5203,knmi1984ndgo,50.65267,7.896667,Unnau (Duitsland),1984-07-05 20:40:56,2.5,3.9
5204,knmi1984kkhs,50.9,5.86,Wijnandsrade,1984-05-28 00:36:58,1.5,3.0
5205,knmi1984inyr,50.5615,5.56,Esneux (België),1984-05-01 13:31:19,2.0,2.9
5206,knmi1984ihju,50.67933,8.053333,Stein-Neukirch (Duitsland),1984-04-27 23:11:04,2.0,2.0
5207,knmi1984igtq,50.68133,8.016666,Hof (Duitsland),1984-04-27 15:01:45,2.0,12.5
5208,knmi1984eqgx,51.4015,6.48,Kempen (Duitsland),1984-03-06 20:48:21,2.3,1.0
5209,knmi1984bdau,51.69467,7.75,Hamm (Duitsland),1984-01-16 22:20:00,2.4,1.0
5210,knmi1983yhkx,49.88167,5.071667,Paliseul (België),1983-12-12 15:18:45,2.9,3.1
5211,knmi1983xnxi,50.63867,5.535,Sint-Niklaas (België),1983-12-01 22:52:49,2.7,26.5
5212,knmi1983wstl,50.635,5.518,Sint-Niklaas (België),1983-11-20 09:03:25,2.4,5.0
5213,knmi1983wqeq,50.56816,7.273334,Linz am Rhein (Duitsland),1983-11-18 23:18:25,2.7,2.3
5214,knmi1983wqax,50.5875,7.285,Kasbach-Ohlenberg (Duitsland),1983-11-18 21:25:41,2.0,7.1
5215,knmi1983vwjw,50.61433,5.523334,Seraing (België),1983-11-08 03:13:22,3.4,4.5
5216,knmi1983vwig,50.63417,5.53,Sint-Niklaas (België),1983-11-08 02:24:54,2.9,2.1
5217,knmi1983vwhc,50.62817,5.51,Sint-Niklaas (België),1983-11-08 01:49:34,5.0,3.4
5218,knmi1983tzzr,49.85517,5.365,Neufchâteau (België),1983-10-12 16:32:59,3.0,3.2
5219,knmi1983ssth,51.07617,5.731667,Dilsen-Stokkem (België),1983-09-24 11:49:59,3.3,9.9
5220,knmi1983rbft,50.17033,5.463333,Marche-en-Famenne (België),1983-08-31 16:08:37,3.1,11.9
5221,knmi1983pzuc,49.90017,5.226666,Bertrix (België),1983-08-16 15:35:31,3.1,3.3
5222,knmi1983pmbs,50.353,4.586667,Mettet (België),1983-08-09 03:32:37,3.3,3.9
5223,knmi1983pdjh,50.39117,4.536667,Châtelet (België),1983-08-04 09:08:26,3.2,6.6
5224,knmi1983nyoa,50.6955,8.008333,Derschen (Duitsland),1983-07-18 12:19:03,2.2,4.9
5225,knmi1983nyna,50.2685,7.766667,Dessighofen (Duitsland),1983-07-18 11:48:18,2.1,15.0
5226,knmi1983ncur,50.1715,5.468333,Marche-en-Famenne (België),1983-07-06 14:41:00,2.8,14.2
5227,knmi1983meux,51.62017,7.146667,Herten (Duitsland),1983-06-23 11:31:51,2.8,1.0
5228,knmi1983lsjs,51.46883,7.071667,Essen (Duitsland),1983-06-16 16:15:26,2.3,1.0
5229,knmi1983knep,50.96617,6.621666,Bergheim (Duitsland),1983-05-30 14:26:55,1.8,1.0
5230,knmi1983jkkz,51.76,8.005,Beckum (Duitsland),1983-05-14 20:43:55,3.1,1.0
5231,knmi1983jcaf,51.48583,7.085,Gelsenkirchen (Duitsland),1983-05-10 06:12:07,2.6,1.0
5232,knmi1983ixdk,50.37317,7.38,Plaidt (Duitsland),1983-05-07 14:08:37,3.4,3.5
5233,knmi1983igrf,51.55433,6.868333,Bottrop (Duitsland),1983-04-28 13:48:10,2.1,1.0
5234,knmi1983fqtg,50.36833,7.388333,Ochtendung (Duitsland),1983-03-22 08:34:33,2.7,10.7
5235,knmi1983fqsx,50.3785,7.39,Plaidt (Duitsland),1983-03-22 08:24:32,3.2,10.6
5236,knmi1983fqsu,50.3925,7.418334,Andernach (Duitsland),1983-03-22 08:20:26,2.8,3.1
5237,knmi1983fqpz,51.57667,7.073333,Gelsenkirchen (Duitsland),1983-03-22 06:55:49,2.5,1.0
5238,knmi1983ctpn,51.51083,7.545,Dortmund (Duitsland),1983-02-09 05:30:08,2.2,1.0
5239,knmi1983cmoe,51.36983,5.541667,Heeze,1983-02-05 08:51:17,2.220860481,6.2
5240,knmi1982xupd,50.69233,8.19,Breitscheid (Duitsland),1982-12-05 14:41:38,2.9,4.8
5241,knmi1982xqgr,51.74717,7.873333,Ahlen (Duitsland),1982-12-03 05:52:04,2.3,1.0
5242,knmi1982vlfu,50.635,7.908333,Nistertal (Duitsland),1982-11-02 00:40:35,2.1,1.3
5243,knmi1982vkyn,50.6385,7.935,Bad Marienberg (Duitsland),1982-11-01 21:00:16,2.0,2.1
5244,knmi1982sdww,51.61183,7.643333,Bergkamen (Duitsland),1982-09-16 08:36:03,2.8,1.0
5245,knmi1982sbfj,50.44183,4.326667,Fontaine-l'Évêque (België),1982-09-14 21:29:10,2.6,5.0
5246,knmi1982sbff,50.4375,4.176667,Binche (België),1982-09-14 21:24:34,3.4,2.0
5247,knmi1982qolg,51.599,7.655,Kamen (Duitsland),1982-08-24 16:09:13,2.6,1.0
5248,knmi1982mnzg,50.6615,8.018333,Hof (Duitsland),1982-06-28 11:57:34,4.7,13.4
5249,knmi1982mksm,50.59184,7.985,Stahlhofen am Wiesensee (Duitsland),1982-06-26 17:07:04,2.9,10.7
5250,knmi1982mkqe,50.6335,7.933333,Hahn bei Marienberg (Duitsland),1982-06-26 15:57:24,3.1,3.9
5251,knmi1982mkbz,50.5755,7.943333,Westerburg (Duitsland),1982-06-26 08:47:58,2.1,10.0
5252,knmi1982mdft,50.61567,7.953333,Höhn (Duitsland),1982-06-22 14:44:51,3.4,9.8
5253,knmi1982lkvm,50.611,7.946667,Dreisbach (Duitsland),1982-06-12 13:06:56,2.4,5.3
5254,knmi1982ljos,50.58667,7.968333,Halbs (Duitsland),1982-06-11 20:33:03,2.3,12.0
5255,knmi1982ljoj,50.5295,7.955,Guckheim (Duitsland),1982-06-11 20:22:17,2.5,13.4
5256,knmi1982ljoe,50.621,7.95,Höhn (Duitsland),1982-06-11 20:17:07,3.1,4.9
5257,knmi1982lcvm,50.67567,8.021667,Hof (Duitsland),1982-06-08 04:01:35,2.1,6.3
5258,knmi1982lbpo,50.34367,7.928333,Cramberg (Duitsland),1982-06-07 11:53:52,2.1,5.0
5259,knmi1982ktqg,50.3605,7.366667,Ochtendung (Duitsland),1982-06-03 03:09:26,2.0,9.4
5260,knmi1982jybv,51.0425,5.986667,Waldfeucht (Duitsland),1982-05-22 08:00:04,3.7,3.3
5261,knmi1982jxzf,51.035,6.021667,Gangelt (Duitsland),1982-05-22 06:41:08,3.0,12.3
5262,knmi1982jxqk,51.62634,7.685,Bergkamen (Duitsland),1982-05-22 02:14:12,2.8,1.0
5263,knmi1982ivgm,50.10067,5.076667,Rochefort (België),1982-05-06 13:25:06,3.1,10.1
5264,knmi1982iuck,51.876,7.528333,Senden (Duitsland),1982-05-05 22:13:09,2.3,1.0
5265,knmi1982isnc,51.88433,7.495,Senden (Duitsland),1982-05-05 01:21:33,2.1,1.0
5266,knmi1982iljm,51.65333,7.876667,Hamm (Duitsland),1982-05-01 03:34:19,2.5,1.0
5267,knmi1982hlqa,51.46433,7.116667,Bochum (Duitsland),1982-04-17 01:20:47,2.0,1.0
5268,knmi1982gjcw,50.07467,8.001667,Schlangenbad (Duitsland),1982-04-01 10:53:43,1.7,14.5
5269,knmi1982fkrt,51.6435,7.611667,Bergkamen (Duitsland),1982-03-19 01:00:15,2.6,1.0
5270,knmi1982eqkd,50.519,7.111667,Bad Neuenahr-Ahrweiler (Duitsland),1982-03-07 22:26:44,1.9,5.9
5271,knmi1982eftb,51.03333,5.861667,Nieuwstadt,1982-03-02 02:27:27,3.5,6.6
5272,knmi1982awzw,51.539,7.085,Gelsenkirchen (Duitsland),1982-01-13 15:03:45,2.2,1.0
5273,knmi1981yvtr,50.852,5.921667,Voerendaal,1981-12-20 11:38:52,2.7,22.7
5274,knmi1981ynez,50.17883,7.93,Heidenrod (Duitsland),1981-12-15 19:08:57,2.0,2.9
5275,knmi1981yieq,50.08783,7.621666,Damscheid (Duitsland),1981-12-13 01:17:25,2.2,2.4
5276,knmi1981xogb,51.614,7.546667,Lünen (Duitsland),1981-12-02 03:17:03,2.2,1.7
5277,knmi1981xavh,51.65983,7.161667,Marl (Duitsland),1981-11-24 19:04:54,3.4,1.0
5278,knmi1981vsgz,51.4695,7.148334,Bochum (Duitsland),1981-11-05 21:13:44,2.5,1.9
5279,knmi1981tazq,51.6715,7.245,Oer-Erkenschwick (Duitsland),1981-09-29 00:08:24,3.4,1.0
5280,knmi1981ptye,51.48,7.13,Bochum (Duitsland),1981-08-13 10:49:53,2.1,1.0
5281,knmi1981pjcq,50.22766,5.11,Ciney (België),1981-08-07 12:36:02,2.8,3.2
5282,knmi1981olhm,51.4465,7.11,Essen (Duitsland),1981-07-25 11:46:53,2.2,1.0
5283,knmi1981nzos,51.49633,7.108333,Gelsenkirchen (Duitsland),1981-07-19 01:48:13,2.3,1.0
5284,knmi1981nynd,51.48,7.1,Essen (Duitsland),1981-07-18 11:52:24,2.6,1.0
5285,knmi1981nwas,51.505,7.081666,Gelsenkirchen (Duitsland),1981-07-17 03:19:03,2.3,1.0
5286,knmi1981nvjo,51.61617,7.73,Bönen (Duitsland),1981-07-16 18:39:22,2.3,1.0
5287,knmi1981npgj,52.25083,7.803333,Tecklenburg (Duitsland),1981-07-13 10:12:45,4.1,0.5
5288,knmi1981lgyk,50.35283,7.085,Baar (Duitsland),1981-06-10 10:02:00,2.5,3.4
5289,knmi1981kxvq,50.346,7.083333,Virneburg (Duitsland),1981-06-05 10:24:48,2.4,2.0
5290,knmi1981kmcb,51.604,7.238333,Recklinghausen (Duitsland),1981-05-30 00:01:15,2.3,1.0
5291,knmi1981ihrc,51.695,7.641667,Werne (Duitsland),1981-04-29 02:52:46,2.3,1.0
5292,knmi1981fxfh,51.65166,7.843333,Hamm (Duitsland),1981-03-25 21:28:48,2.3,1.0
5293,knmi1981cywk,51.53367,7.15,Herne (Duitsland),1981-02-12 02:39:28,2.2,0.7
5294,knmi1981aauj,50.15783,7.72,Sankt Goarshausen (Duitsland),1981-01-01 11:16:50,2.0,2.8
5295,knmi1980zqwr,50.18283,7.726666,Nochern (Duitsland),1980-12-31 01:01:59,2.8,3.9
5296,knmi1980yrxi,51.07733,6.566667,Grevenbroich (Duitsland),1980-12-17 08:57:19,1.6,1.0
5297,knmi1980xwfr,51.45984,7.113333,Bochum (Duitsland),1980-12-05 12:11:26,2.4,1.0
5298,knmi1980xgys,51.74617,7.155,Haltern am See (Duitsland),1980-11-27 03:37:11,2.4,1.0
5299,knmi1980xegf,51.46883,7.2,Bochum (Duitsland),1980-11-25 16:00:16,2.2,1.0
5300,knmi1980wvcf,51.46433,7.206666,Bochum (Duitsland),1980-11-20 15:45:40,2.3,1.0
5301,knmi1980wgny,51.5465,7.083333,Gelsenkirchen (Duitsland),1980-11-12 16:39:17,2.4,1.0
5302,knmi1980trgt,52.33083,7.87,Westerkappeln (Duitsland),1980-10-06 21:54:31,2.8,1.0
5303,knmi1980qqtq,51.466,7.2,Bochum (Duitsland),1980-08-24 22:39:46,2.2,1.0
5304,knmi1980ojnm,51.63233,7.08,Marl (Duitsland),1980-07-23 12:32:07,2.4,0.1
5305,knmi1980lzjx,50.03333,5.078333,Wellin (België),1980-06-19 12:17:19,2.9,3.2
5306,knmi1980ltqj,49.34933,5.911667,Sancy (Frankrijk),1980-06-16 08:44:52,2.6,3.1
5307,knmi1980lbgr,51.174,5.978333,Roermond,1980-06-06 07:24:10,2.0,8.1
5308,knmi1980kzyp,51.23917,5.91,Haelen,1980-06-05 14:11:39,3.8,4.9
5309,knmi1980jwoy,50.07717,5.035,Beauraing (België),1980-05-20 12:21:46,2.9,10.1
5310,knmi1980ibog,51.54417,7.07,Gelsenkirchen (Duitsland),1980-04-24 18:37:44,2.4,1.0
5311,knmi1979vinz,49.8685,5.256667,Bertrix (België),1979-10-31 13:23:48,2.9,16.5
5312,knmi1979qkys,49.56933,7.991667,Göllheim (Duitsland),1979-08-22 18:24:32,2.8,10.0
5313,knmi1979ohsi,50.28,8.205,Hünstetten (Duitsland),1979-07-23 12:42:19,2.5,9.6
5314,knmi1979nxfk,51.7625,5.948333,Groesbeek,1979-07-17 18:48:57,3.0,18.1
5315,knmi1979ksnw,50.11017,5.046667,Beauraing (België),1979-06-02 12:48:37,3.0,13.1
5316,knmi1979kalk,50.1455,4.99,Beauraing (België),1979-05-23 15:07:43,2.8,15.0
5317,knmi1979jpif,49.33,5.458333,Romagne-sous-les-Côtes (Frankrijk),1979-05-17 13:00:07,2.7,15.0
5318,knmi1979hxqu,50.13317,5.09,Rochefort (België),1979-04-23 15:22:02,2.8,10.1
5319,knmi1979horr,50.55667,4.498333,Villers-la-Ville (België),1979-04-18 17:35:03,2.9,21.3
5320,knmi1978uolo,50.577,4.648334,Chastre (België),1978-10-20 14:28:07,2.9,17.9
5321,knmi1978sidh,50.2275,4.301667,Beaumont (België),1978-09-18 16:23:23,2.6,18.8
5322,knmi1978owpj,49.475,7.35,Herschweiler-Pettersheim (Duitsland),1978-07-31 16:14:52,2.3,15.0
5323,knmi1978lhkd,50.60433,6.213333,Eupen (België),1978-06-10 15:58:20,3.1,6.5
5324,knmi1978lfgk,50.37283,5.683333,Stoumont (België),1978-06-09 11:48:27,2.7,5.0
5325,knmi1978kiil,49.35517,7.183333,Neunkirchen (Duitsland),1978-05-27 22:42:41,2.3,1.0
5326,knmi1978kgdl,49.55133,7.876667,Münchweiler an der Alsenz (Duitsland),1978-05-26 17:55:09,2.6,15.0
5327,knmi1978iswa,50.56317,5.723333,Trooz (België),1978-05-05 05:52:05,2.5,3.2
5328,knmi1978ijvn,50.57917,7.188334,Remagen (Duitsland),1978-04-30 07:23:27,2.6,3.0
5329,knmi1978geqb,50.6825,6.73,Euskirchen (Duitsland),1978-03-29 23:51:57,2.5,5.0
5330,knmi1977xkbq,50.15283,7.916667,Heidenrod (Duitsland),1977-11-29 20:31:01,2.3,4.5
5331,knmi1977vsre,50.94383,6.793334,Pulheim (Duitsland),1977-11-06 02:22:52,3.6,12.4
5332,knmi1977vmjo,50.94067,6.811666,Pulheim (Duitsland),1977-11-02 15:42:39,3.0,9.2
5333,knmi1977quqm,50.109,7.916667,Lorch (Duitsland),1977-08-28 01:37:26,2.2,6.8
5334,knmi1977pzky,51.42317,7.136667,Essen (Duitsland),1977-08-16 10:57:54,2.3,1.0
5335,knmi1977lcqb,51.09333,5.876667,Echt,1977-06-08 01:16:59,2.7,10.0
5336,knmi1977larp,51.5885,7.69,Kamen (Duitsland),1977-06-06 23:47:19,2.5,1.0
5337,knmi1977jahe,50.10283,7.933333,Oestrich-Winkel (Duitsland),1977-05-09 07:26:23,2.0,15.0
5338,knmi1977izus,50.06833,7.936666,Oestrich-Winkel (Duitsland),1977-05-09 01:09:19,3.1,16.6
5339,knmi1977irrg,50.36683,4.83,Profondeville (België),1977-05-04 14:19:11,2.7,2.0
5340,knmi1977gxhk,51.68583,7.511667,Selm (Duitsland),1977-04-09 05:05:34,2.8,1.0
5341,knmi1977epkd,50.24233,8.103333,Aarbergen (Duitsland),1977-03-07 09:18:17,3.8,28.0
5342,knmi1977edgj,51.54383,7.266667,Herne (Duitsland),1977-02-28 17:46:10,2.4,1.0
5343,knmi1977cskk,50.50533,5.705,Sprimont (België),1977-02-08 13:47:05,2.6,4.2
5344,knmi1977cogr,50.25767,6.261667,Mützenich (Duitsland),1977-02-06 07:20:53,2.5,8.7
5345,knmi1977cibw,50.205,7.366667,Moselkern (Duitsland),1977-02-02 22:05:44,2.2,28.0
5346,knmi1977bfdm,51.73117,7.726666,Ascheberg (Duitsland),1977-01-18 01:58:29,2.4,1.0
5347,knmi1976uyfc,50.36,3.92,Quévy (België),1976-10-24 22:33:27,4.2,3.4
5348,knmi1976rozk,50.914,6.793334,Frechen (Duitsland),1976-09-07 04:50:33,2.5,1.0
5349,knmi1976njhb,50.90017,6.751667,Frechen (Duitsland),1976-07-09 03:45:36,2.3,1.0
5350,knmi1976mrgm,51.176,5.828333,Ittervoort,1976-06-29 07:00:31,3.3,17.4
5351,knmi1976gneh,50.1075,5.193333,Rochefort (België),1976-04-02 16:09:00,2.6,10.0
5352,knmi1976exgk,50.63133,4.496666,Genepiën (België),1976-03-10 16:30:58,2.9,5.0
5353,knmi1976dqoq,49.99833,7.461667,Külz (Duitsland),1976-02-21 19:10:43,2.7,10.0
5354,knmi1975wtdh,50.44117,5.04,Gesves (België),1975-11-20 14:01:40,2.6,3.1
5355,knmi1975oohx,51.42583,5.613333,Mierlo,1975-07-27 03:23:51,2.6,14.0
5356,knmi1975mbsi,50.7205,6.071667,Raeren (België),1975-06-21 18:49:52,3.2,9.2
5357,knmi1975lmsx,50.80567,8.423333,Angelburg (Duitsland),1975-06-13 14:04:18,2.9,7.9
5358,knmi1974xyku,50.55583,8.12,Elsoff (Duitsland),1974-12-07 17:02:29,2.2,18.7
5359,knmi1974pnqw,51.46783,7.276667,Bochum (Duitsland),1974-08-10 00:19:04,3.1,1.0
5360,knmi1974omlz,51.127,6.555,Jüchen (Duitsland),1974-07-26 03:10:49,2.3,1.0
5361,knmi1974omac,51.17417,6.546667,Korschenbroich (Duitsland),1974-07-25 21:10:58,3.1,2.4
5362,knmi1974mnqk,51.64117,7.883333,Hamm (Duitsland),1974-06-28 07:29:40,3.4,1.0
5363,knmi1973xurr,51.60933,7.226666,Recklinghausen (Duitsland),1973-12-05 15:58:15,3.2,1.0
5364,knmi1973rmyq,51.6575,7.75,Hamm (Duitsland),1973-09-07 02:11:25,2.5,0.1
5365,knmi1973ooyz,51.7,6.8,Schermbeck (Duitsland),1973-07-27 12:02:09,3.3,1.0
5366,knmi1973emqm,51.57483,7.38,Dortmund (Duitsland),1973-03-05 21:06:13,3.2,1.0
5367,knmi1972zrmm,51.83967,5.855,Nijmegen,1972-12-31 09:00:21,2.7,24.6
5368,knmi1972zpmp,51.82683,5.893333,Nijmegen,1972-12-30 06:48:27,3.2,27.6
5369,knmi1972zpmd,51.84267,5.853333,Nijmegen,1972-12-30 06:33:52,2.6,28.0
5370,knmi1972dlpa,50.45333,5.943333,Stavelot (België),1972-02-19 01:41:23,3.2,13.0
5371,knmi1972dier,50.67117,5.97,Welkenraat (België),1972-02-17 05:03:31,3.1,21.9
5372,knmi1971wkqc,50.87333,5.891667,Klimmen,1971-11-15 22:17:10,2.1,2.1
5373,knmi1971ttpj,51.603,6.746666,Hünxe (Duitsland),1971-10-09 04:31:36,3.0,1.0
5374,knmi1971tarv,50.80217,7.313334,Hennef (Duitsland),1971-09-28 20:10:55,3.3,28.0
5375,knmi1971irus,51.46067,7.491667,Dortmund (Duitsland),1971-05-04 16:04:16,2.8,1.0
5376,knmi1971dlna,51.0155,5.996666,Gangelt (Duitsland),1971-02-19 00:41:24,4.4,17.4
5377,knmi1970yvzx,50.28767,4.046667,Boussois (Frankrijk),1970-12-20 14:48:34,3.5,2.8
5378,knmi1970xnbl,50.24233,7.778333,Niederbachheim (Duitsland),1970-12-01 11:49:09,3.9,5.0
5379,knmi1970vnth,50.342,4.181667,Merbes-le-Château (België),1970-11-03 09:45:58,3.9,2.0
5380,knmi1970bdff,50.48167,4.285,Chapelle-lez-Herlaimont (België),1970-01-17 00:34:57,3.0,3.2
5381,knmi1970arjp,50.928,5.498333,Genk (België),1970-01-10 13:09:40,3.4,2.1
5382,knmi1968ssia,50.454,4.138333,La Louvière (België),1968-09-23 04:08:11,2.8,2.0
5383,knmi1968pwjt,50.4785,4.185,La Louvière (België),1968-08-13 16:57:15,4.0,3.0
5384,knmi1968pwjf,50.50583,4.12,Le Rœulx (België),1968-08-13 16:40:41,2.9,2.0
5385,knmi1968ptvk,50.5155,4.05,Zinnik (België),1968-08-12 07:26:40,3.5,1.0
5386,knmi1967umgp,50.90166,6.276667,Aldenhoven (Duitsland),1967-10-19 07:41:05,2.5,10.1
5387,knmi1967puog,50.4435,3.87,Quaregnon (België),1967-08-13 16:57:11,4.0,3.4
5388,knmi1967ovrs,50.48133,7.626667,Caan (Duitsland),1967-07-31 02:18:47,2.6,28.0
5389,knmi1967gpho,50.47883,4.14,La Louvière (België),1967-04-04 18:04:47,3.2,5.0
5390,knmi1967gcip,50.4995,4.32,Courcelles (België),1967-03-28 15:49:25,4.5,3.9
5391,knmi1966brso,50.50083,4.5,Les Bons Villers (België),1966-01-24 22:13:21,3.0,2.2
5392,knmi1966bcjj,50.47,4.23,Manage (België),1966-01-16 12:32:47,4.4,1.7
5393,knmi1966bbyd,50.47633,4.296667,Chapelle-lez-Herlaimont (België),1966-01-16 06:51:35,3.8,5.0
5394,knmi1965yxnw,50.64767,5.608333,Luik (België),1965-12-21 10:00:02,4.4,5.0
5395,knmi1965yptx,51.56,7.85,Werl (Duitsland),1965-12-17 03:57:37,3.2,1.0
5396,knmi1965ymww,50.52383,4.215,Seneffe (België),1965-12-15 14:02:15,3.5,4.6
5397,knmi1965ymtb,50.48483,4.29,Chapelle-lez-Herlaimont (België),1965-12-15 12:07:16,4.4,2.1
5398,knmi1964ytal,51.139,5.796667,Kinrooi (België),1964-12-17 22:39:49,2.7,15.0
5399,knmi1964hydz,50.7565,7.015,Bornheim (Duitsland),1964-04-22 20:01:13,2.9,5.0
5400,knmi1963wdmy,50.59083,7.351666,Sankt Katharinen (Duitsland),1963-11-11 23:44:37,3.0,15.0
5401,knmi1963pnkt,51.209,6.641667,Neuss (Duitsland),1963-08-09 19:14:07,3.6,25.7
5402,knmi1963mjlc,50.70317,7.53,Forstmehren (Duitsland),1963-06-25 22:16:11,3.3,10.0
5403,knmi1963mjcb,50.801,7.57,Windeck (Duitsland),1963-06-25 17:42:01,3.0,15.0
5404,knmi1963euru,50.4015,6.126667,Weismes (België),1963-03-10 05:51:36,3.5,5.0
5405,knmi1960npir,50.62,7.58,Niederwambach (Duitsland),1960-07-12 09:22:43,2.8,10.0
5406,knmi1960mkrf,51.15783,5.686666,Bree (België),1960-06-25 14:29:15,4.2,15.1
5407,knmi1957pgim,50.60683,6.696667,Mechernich (Duitsland),1957-08-05 22:08:45,3.0,3.1
5408,knmi1956timt,50.39617,7.276667,Mendig (Duitsland),1956-10-02 00:42:26,4.0,3.1
5409,knmi1951rosa,50.28617,5.636667,Manhay (België),1951-09-07 23:06:50,4.1,3.8
5410,knmi1951fchp,50.66867,6.785,Euskirchen (Duitsland),1951-03-14 09:46:54,5.6,28.0
5411,knmi1950eqya,50.64317,6.763333,Euskirchen (Duitsland),1950-03-08 04:27:06,4.7,16.4
5412,knmi1949nlbi,50.97233,6.556667,Bedburg (Duitsland),1949-07-11 01:07:40,3.9,17.8
5413,knmi1949msqr,50.91617,6.146667,Übach-Palenberg (Duitsland),1949-06-30 23:18:14,3.8,26.3
5414,knmi1949gnbd,50.463,4.11,La Louvière (België),1949-04-03 12:33:43,4.6,5.0
5415,knmi1949gnay,50.463,4.11,La Louvière (België),1949-04-03 12:27:43,4.1,5.0
5416,knmi1939oefz,50.43,7.81,Montabaur (Duitsland),1939-07-21 13:04:00,3.7,13.0
5417,knmi1938llab,50.78,3.58,Maarkedal (België),1938-06-12 13:25:40,4.5,10.0
5418,knmi1938ljea,50.78,3.58,Maarkedal (België),1938-06-11 13:09:06,4.0,10.0
5419,knmi1938lizr,50.73,3.62,Ronse (België),1938-06-11 10:57:37,5.6,19.0
5420,knmi1937guok,50.92,6.1,Übach-Palenberg (Duitsland),1937-04-07 15:13:00,3.5,5.0
5421,knmi1935afuq,51.14034,6.145,Wassenberg (Duitsland),1935-01-04 04:06:13,4.3,15.0
5422,knmi1933ftkz,51.12183,2.863333,Middelkerke (België),1933-03-23 18:48:13,4.7,10.0
5423,knmi1932xjah,51.60867,5.3,Esch,1932-11-28 05:41:35,4.3,15.0
5424,knmi1932xiwx,51.41683,5.135,Lage Mierde,1932-11-28 03:59:22,3.5,15.0
5425,knmi1932wzuc,51.58233,5.57,Erp,1932-11-23 04:20:10,3.0,15.0
5426,knmi1932wzrs,51.57267,5.291667,Boxtel,1932-11-23 03:08:01,4.5,10.0
5427,knmi1932wvtt,51.61983,5.43,Schijndel,1932-11-20 23:36:54,5.0,12.9
5428,knmi1931ysxb,50.92,6.1,Übach-Palenberg (Duitsland),1931-12-18 20:58:00,3.0,5.0
5429,knmi1931nkle,50.68667,6.61,Zülpich (Duitsland),1931-07-10 16:57:47,4.0,15.0
5430,knmi1930eksz,50.88,5.93,Voerendaal,1930-03-04 19:05:00,3.1,5.0
5431,knmi1928ylmj,50.8775,6.573333,Kerpen (Duitsland),1928-12-13 19:36:08,4.1,10.0
5432,knmi1928mafx,50.45,7.45,Neuwied (Duitsland),1928-06-19 21:25:00,3.9,7.0
5433,knmi1928axud,50.5,6.1,Weismes (België),1928-01-14 00:17:37,4.4,3.5
5434,knmi1926akan,50.8,7.2,Siegburg (Duitsland),1926-01-06 11:37:00,4.1,14.0
5435,knmi1926ajct,50.78,6.6,Vettweiß (Duitsland),1926-01-05 23:37:19,4.2,15.0
5436,knmi1925dumi,50.9,5.5,Bilzen (België),1925-02-23 21:33:00,4.1,4.5
5437,knmi1921jsit,50.77,3.95,Galmaarden (België),1921-05-19 02:41:00,4.0,15.0
5438,knmi1921dopk,50.6,5.9,Verviers (België),1921-02-20 16:17:35,3.6,10.0
5439,knmi1911rmeh,50.7,6.32,Hürtgenwald (Duitsland),1911-09-06 13:54:47,4.1,15.0
5440,knmi1911kuqv,50.45,4.5,Fleurus (België),1911-06-03 14:35:00,4.2,15.0
5441,knmi1911krqf,50.45,4.5,Fleurus (België),1911-06-01 22:52:00,4.2,10.0
5442,knmi1911kofs,50.65,6.23,Roetgen (Duitsland),1911-05-31 02:08:20,4.0,15.0
5443,knmi1911knta,50.65,6.23,Roetgen (Duitsland),1911-05-30 19:43:40,4.2,10.0
